source_stage,source_status,epoch,source_record_at_utc,source_record_basis,date_quality,explicit_downstream_link,first_successor_stage,successor_record_at_utc,successor_record_basis,latency_interpretable,notes
B19,NO_ROBUST_RAY_INDEPENDENT_UPSTREAM_SCALAR_COLLAPSE,B19_B26,2026-09-20T01:39:57Z,GitHub commit: Sync integrated B19 Zenodo findings,publication_proxy,yes,B19E-A1,2026-09-26T07:57:45Z,GitHub commit: Start B19E external flow validation design,coarse_only,"Source date is publication/sync proxy; elapsed time is not execution latency"
B19E-A1,NULL_OR_INCONCLUSIVE,B19_B26,2026-09-27T12:35:22Z,GitHub commit: Finalize B19E external validation status,batch_status_proxy,yes,B19E-B,2026-09-27T12:35:22Z,same integrated status record,no,"A1 and mechanism audit are distinguishable scientifically but not temporally in public commit history"
B20.6,INCONCLUSIVE,B19_B26,2026-09-20T01:29:20Z,GitHub commit: Sync B20.6 final Zenodo interpretation,publication_proxy,no,,,none,no,"B21/B22 explicitly do not repair or upgrade B20.6"
B23-original,INCONCLUSIVE,B19_B26,2026-09-24T11:41:01Z,GitHub commit: Add BIG-B23 cross-branch geometric prediction,release_batch_proxy,yes,B23-E3R,2026-09-24T11:41:01Z,same integrated B23 release,no,"Internal B23 chronology is preserved in the paper but not as separate public commit timestamps"
B23-E3R,IMPLEMENTATION_INVALID,B19_B26,2026-09-24T11:41:01Z,integrated B23 release,release_batch_proxy,yes,B23-E3R2,2026-09-24T11:41:01Z,same integrated B23 release,no,"Wrong-ray invalid run retained; corrective replication separately named"
B23A-P1,NOT_SUPPORTED_AT_NEW_B9_RECONFIGURATION_FAMILY,B19_B26,2026-09-27T10:18:53Z,GitHub commit: Add BIG-B23A structural-universality closure and tested limits,release_batch_proxy,yes,B23A-P2B,2026-09-27T10:18:53Z,same integrated B23A release,no,"Stage ordering known; execution timestamps not separated in public commit history"
B23A-P4,INCONCLUSIVE_NUMERICAL_SENSITIVITY,B19_B26,2026-09-27T10:18:53Z,integrated B23A release,release_batch_proxy,yes,B23A-P5,2026-09-27T10:18:53Z,same integrated B23A release,no,"Stage ordering known only"
B23A-P5,INCONCLUSIVE_NUMERICAL_SENSITIVITY,B19_B26,2026-09-27T10:18:53Z,integrated B23A release,release_batch_proxy,yes,B23A-P6,2026-09-27T10:18:53Z,same integrated B23A release,no,"Stage ordering known only"
B23A-P6,NOT_SUPPORTED_RATE_ORDERED_LOCAL_RESPONSE_RECONFIGURATION,B19_B26,2026-09-27T10:18:53Z,integrated B23A release,release_batch_proxy,no,,,none,no,"Explicit terminal no-rescue stop"
B25.1,AB_CONSTANT_DENSITY_FAIL,B19_B26,2026-09-25T11:37:50Z,GitHub commit: Add B24-B25 Phase I predictive transfer result,phase_release_proxy,yes,B25.1R,2026-09-25T11:37:50Z,same Phase-I release,no,"Diagnostic coarea reuse and B25.1b follow-up are scientifically distinct but batch-recorded"
B25.2,IMPLEMENTATION_INVALID,B19_B26,2026-09-25T20:43:15Z,GitHub commit: Add B25 Phase II research status update,phase_release_proxy,yes,B26,2026-09-25T21:11:04Z,GitHub commit: Freeze B26 prospective topology-realized transfer protocol,coarse_only,"Public record gives ordering; interval may include offline work and should not be treated as measured research latency"
B26,TOPOLOGY_SPAN_NOT_REALIZED,B19_B26,2026-09-26T00:31:14Z,GitHub commit: Record B26 topology-span result,direct_result_commit,yes,B26.1,2026-09-26T00:31:16Z,GitHub commit: Freeze B26.1 topology-only bracket refinement,no,"Two-second commit spacing is repository-write cadence, not cognitive/research latency"
B26.2,AB_TOPOLOGY_STRADDLING_FIXED_COEFFICIENT_TRANSFER_FAIL,B19_B26,2026-09-26T07:40:17Z,GitHub commit: Record terminal B26.2 result and DOI,direct_result_commit,no,,,none,no,"Terminal B26 closeout"
B27.2,RECONFIGURATION_COVARIANCE_FAIL,B27_B40,2026-09-28T15:50:53Z,GitHub commit: Record terminal B27.2 covariance FAIL,direct_result_commit,yes,B28.1,2026-09-28T21:04:24Z,GitHub commit: Freeze B28 component-resolved lineage-transport architecture,yes,"Strongest public timestamped source-to-successor transition; about 5.23 h between recorded FAIL and formal successor freeze"
B28.1,GEOMETRY_CONDITIONED_LINEAGE_TRANSPORT_FAIL,B27_B40,2026-09-29T23:37:13Z,GitHub commit: Update B28 README with terminal B28.1 result,release_batch_proxy,yes,B29-T1,2026-09-29T23:36:56Z,GitHub commit: Add B29 README,no,"Commit order reflects batch publication and is not execution chronology"
B29-T1,T1_valid=False,B27_B40,2026-09-29T23:36:56Z,GitHub commit: Add B29 README,release_batch_proxy,yes,B30.1,2026-09-29T23:36:59Z,GitHub commit: Add B30-B36 integrated README,no,"Integrated source explicitly states B30 architecture was frozen as successor to B29-T1; timestamps are batch-publication proxies"
B32.1,DYNAMIC_COMPLEX_PARITY_MODE_FAIL,B27_B40,2026-09-29T23:36:52Z,GitHub commit: Add B27-B36 research status update,integrated_batch_proxy,yes,B33-primary,2026-09-29T23:36:52Z,same integrated status record,no,"Scientific stage ordering known; exact execution dates unavailable in public GitHub record"
B35.1,DISTANCE_ORDERED_APPROX_LINEAR_PEAK_TIMING_FAIL,B27_B40,2026-09-29T23:36:52Z,integrated B27-B36 status,integrated_batch_proxy,yes,B35.2,2026-09-29T23:36:52Z,same integrated status record,no,"Exact execution dates unavailable"
B35.2,HIGHER_RESOLUTION_SAMPLING_STABLE_APPROX_LINEAR_PEAK_TIMING_FAIL,B27_B40,2026-09-29T23:36:52Z,integrated B27-B36 status,integrated_batch_proxy,yes,B36.1,2026-09-29T23:36:52Z,same integrated status record,no,"Exact execution dates unavailable"
B36.1,GEOMETRY_CONDITIONED_PEAK_TIMING_ORDERING_FAIL,B27_B40,2026-09-29T23:36:52Z,integrated B27-B36 status,integrated_batch_proxy,yes,B36.2,2026-09-29T23:36:52Z,same integrated status record,no,"Exact execution dates unavailable"
B37.1,INTRINSIC_CONTOUR_REPARAMETERIZATION_FAIL,B27_B40,2026-10-02T14:18:59Z,GitHub commit: Add B37-B38 research status update,integrated_batch_proxy,yes,B37.2,2026-10-02T14:18:59Z,same integrated status record,no,"Exact execution dates unavailable"
B37.2,FIXED_ARC_SUPPORT_TIMING_COLLAPSE_FAIL,B27_B40,2026-10-02T14:18:59Z,integrated B37-B38 status,integrated_batch_proxy,yes,B38.1,2026-10-02T14:18:59Z,same integrated status record,no,"Representational pivot explicit; temporal latency not recoverable from this public record"
B39.3-P1,INTEGRATION_LEVEL_REPARAMETERIZATION_COVARIANCE_FAIL,B27_B40,2026-10-03T08:59:34Z,GitHub commit: Add B39 research status update,integrated_batch_proxy,yes,B39.3-P1A/P1B,2026-10-03T08:59:34Z,same integrated status record,no,"Diagnostic/calibration and P2 chronology explicit; exact run timestamps unavailable here"
B40.1,CLOCK_MAP_FAMILY_TRANSFER_FAIL,B27_B40,2026-10-05T09:28:57Z,GitHub commit: Add B40 research status update,integrated_batch_proxy,yes,B40.1-successor,2026-10-05T09:28:57Z,same integrated status record,no,"Fine-grid localization follows parent FAIL; exact internal timestamps unavailable"
B40.2,TARGET_EXCLUDED_RELATIONAL_RECONSTRUCTION_FAIL,B27_B40,2026-10-05T09:28:57Z,integrated B40 status,integrated_batch_proxy,yes,B40.2-P1B,2026-10-05T09:28:57Z,same integrated status record,no,"Orientation/resolution localization sequence is explicit; exact internal timestamps unavailable"
