case_id,role,artifact_name,recorded_at_utc,provenance_type,public_record,public_url,claim_use,notes
E01,source,B6_3_summary_all.csv,2026-06-07T04:17:52.863Z,private_Drive_metadata,no,,main_text,"Dense scan summary retained"
E01,source,B6_3_transition_fit_result.csv,2026-06-07T04:17:53.015Z,private_Drive_metadata,no,,supplement,"Parametric transition fit; mc=0.651892 with large stderr, not the later crossing estimate"
E01,reuse,B6_4_input_B6_3_summary.csv,2026-06-07T05:26:58.457Z,private_Drive_metadata,no,,main_text,"Explicit copied input from B6_3 archive"
E01,reuse,B6_4_crossing_summary.csv,2026-06-07T05:26:58.445Z,private_Drive_metadata,no,,main_text,"mc_bootstrap_mean=0.6491057863; 95% CI 0.6456583509-0.6529817664"
E02,source,B5_3_boundary_fits.csv,2026-06-06T07:29:45.945Z,private_Drive_metadata,no,,supplement_only,"Early elliptic boundary-fit artifact recovered"
E02,source,B5_3_summary.json,2026-06-06T07:29:45.961Z,private_Drive_metadata,no,,supplement_only,"mean_nu_good=0.800773 for this run; does not support the previously quoted 2.63 value"
E02,diagnostic,B5_3A_summary.json,2026-06-06T08:34:40.247Z,private_Drive_metadata,no,,supplement_only,"Local-exponent profile derived from B5_3 field; mean_window_nu=0.848595"
E02,redesign,B5_7_elliptical_free_boundary_normal_fit/data/B5_7_summary_all.csv,2026-06-06T11:04:12.530Z,private_Drive_metadata,no,,supplement_only,"Normal-fit programme recovered; mean_good_nu=1.8232,1.8291,1.8504 for gamma=0.05,0.10,0.20; parameters differ from B5_3"
E03,interpretation_correction,BIG-B13.1 public record,2026-09-20T00:36:51Z,public_GitHub,yes,https://github.com/Jun-Lucis/BIG-theory/tree/main/papers/B13_1_rotated_basis_observation,main_text,"Public landing page; DOI 10.5281/zenodo.21108338"
E03,raw_support,A_rotated_basis_empirical_kernel_fit_metrics.csv,2026-07-01T13:08:40.297Z,private_Drive_metadata,no,,supplement,"Raw fit artifact retained"
E03,raw_support,B13_3d_gaussian_cloud_convolution_summary.json,2026-07-01T15:28:28.895Z,private_Drive_metadata,no,,supplement,"Cloud-convolution summary retained"
E04,model_redesign,BIG-B12 public record,2026-09-20T00:36:00Z,public_GitHub,yes,https://github.com/Jun-Lucis/BIG-theory/tree/main/papers/B12_unified_boundary_dynamics,main_text,"Public README records ignition-barrier finite-noise result; paper explicitly states B12.1c still allowed deterministic low-noise lock and B12.1d introduced the barrier"
E05,transfer_limit,BIG-B18 public record,2026-09-20T00:37:04Z,public_GitHub,yes,https://github.com/Jun-Lucis/BIG-theory/tree/main/papers/B18_boundary_readout_operators,main_text,"Public paper: read-start R^2=0.163; path exposure ~0.742; threshold/interface-core 0.793; best B18.3 threshold path 0.807"
