chain_id,source_stage,source_verdict,retained_asset,salvage_type,later_stage,later_action,later_verdict,role_of_old_data,validation_separation,provenance_level,parent_verdict_retained
FS01,B25.1,AB_CONSTANT_DENSITY_FAIL,archived B25.1 profiles,MODEL_REDESIGN,B25.1b,coarea diagnosis motivated level-resolved predictor,AB_LEVEL_RESOLVED_BRIDGE_PASS,discovery and model construction,new held-out cases used for claim-bearing test,public_repo,yes
FS02,B27.2,RECONFIGURATION_COVARIANCE_FAIL,valid prospective target failures,CONSTRAINT_REUSE,B28.1,replaced identity covariance with geometry-only split transport,GEOMETRY_CONDITIONED_LINEAGE_TRANSPORT_FAIL,constrained next hypothesis,fresh B28 targets used,public_repo,yes
FS03,B28.1,GEOMETRY_CONDITIONED_LINEAGE_TRANSPORT_FAIL,transport defects across fresh targets,STATE_ENRICHMENT,B29,asked whether retained history/path adds information,T1_valid=False / no held-out verdict,hypothesis design only,no held-out claim issued,public_repo,yes
FS04,B32.1,DYNAMIC_COMPLEX_PARITY_MODE_FAIL,dynamic response pattern,EXPLANATORY_VARIABLE_CHANGE,B33,reframed suppression as frequency/period-dependent node lifting,FREQUENCY_DEPENDENT_TRANSVERSE_NODE_LIFTING_PASS,pattern used to redesign question,new prospective grids used,public_repo,yes
FS05,B35.1+B35.2,DISTANCE_ORDERED_APPROX_LINEAR_PEAK_TIMING_FAIL + HIGHER_RESOLUTION_SAMPLING_STABLE_APPROX_LINEAR_PEAK_TIMING_FAIL,failed timing-law behavior,DECOMPOSITION,B36.2,separated geometry and sampling contributions,ADDITIVE_GEOMETRY_SAMPLING_DECOMPOSITION_PASS,constrained replacement model,fresh 3x4 grid used,public_repo,yes
FS06,B37.1+B37.2,INTRINSIC_CONTOUR_REPARAMETERIZATION_FAIL + FIXED_ARC_SUPPORT_TIMING_COLLAPSE_FAIL,failed absolute-timing claims plus phase diagnostics,REPRESENTATIONAL_SALVAGE,B38.1,changed observable from absolute peak time to relative lag,RELATIVE_BOUNDARY_LAG_GEOMETRY_PASS,discovery data for observable selection,fresh prospective relative-lag test used,public_repo,yes
FS07,B39.3-P1,INTEGRATION_LEVEL_REPARAMETERIZATION_COVARIANCE_FAIL,P1 failures and diagnostic localization,PROTOCOL_REPAIR,B39.3-P2,response-independent clock-map calibration and new freeze,INTRINSIC_CLOCK_MAP_INTEGRATION_COVARIANCE_PASS,diagnosis/calibration only,fresh P2 trajectories used and P1 FAIL retained,public_repo,yes
FS08,B40.1,CLOCK_MAP_FAMILY_TRANSFER_FAIL,zero-lag coarse-grid failure case,LIMIT_LOCALIZATION,B40.1 successor,finer lag-grid localization,LAG_GRID_QUANTIZATION_LOCALIZATION_PASS,parent-failure localization,parent FAIL retained,public_repo,yes
FS09,B40.2,TARGET_EXCLUDED_RELATIONAL_RECONSTRUCTION_FAIL,phase/resolution/nontrivial-advantage failure pattern,LIMIT_LOCALIZATION,B40.2-P1B..P1F,orientation and transformation localization,ORIENTATION_REVERSING_COVARIANCE_TRANSFER_PASS + replication PASS,diagnosis of restricted surviving structure,parent FAIL retained and fresh angles used,public_repo,yes
FS10,B19E-A1,NULL_OR_INCONCLUSIVE,frozen external-holdout result and predictor audit,MECHANISM_DIAGNOSIS,B19E-B,exact finite-control-volume budget audit on fresh TIDE seeds,BUDGET_CLOSURE_PASS,negative holdout motivated mechanism question,fresh seeds 6 and 7; explicitly not an A1 rescue,public_repo,yes
FS11,B23-original,INCONCLUSIVE,non-executable endpoint-near symmetric-window cases,PROTOCOL_REPAIR,B23-E2R/E3R2,boundary-safe supplementary validation plus corrective replication,SUPPLEMENTARY/CORRECTIVE SUPPORT,diagnosis of protocol/domain limitation,new calculations; original aggregate remains INCONCLUSIVE,public_repo,yes
FS12,B23-E3R,IMPLEMENTATION_INVALID,wrong-ray dispatch record,PROTOCOL_REPAIR,B23-E3R2,correct intended ray and rerun,CORRECTIVE_REPLICATION_PASS,implementation error localizes required correction,new corrective run; not a retroactive blinded success,public_repo,yes
FS13,B23A-P1,NOT_SUPPORTED_AT_NEW_B9_RECONFIGURATION_FAMILY,failed smooth local-normal transfer,CONSTRAINT_REUSE,B23A-P2B/P3,narrowed question to branch orientation and piecewise/reset structure,SUPPORTED_AT_NARROWER_STRUCTURAL_LEVEL,parent failure narrows universality claim,new prospective stages used,public_repo,yes
FS14,B23A-P4+P5,INCONCLUSIVE_NUMERICAL_SENSITIVITY,unstable non-topological reset/locality observables,OBSERVABLE_REDESIGN,B23A-P6,freeze new rate-ordering test on nine new speeds,NOT_SUPPORTED_RATE_ORDERED_LOCAL_RESPONSE_RECONFIGURATION,diagnostics motivate cleaner terminal test,new prospective speeds and resolutions; no rescue,public_repo,yes
FS15,B25.2,IMPLEMENTATION_INVALID,resolution-gate and topology-span failure,PROTOCOL_REPAIR,B26/B26.1/B26.2,localize topology transition and freeze new topology-straddling domain,AB_TOPOLOGY_STRADDLING_FIXED_COEFFICIENT_TRANSFER_FAIL,invalid test defines repair requirements,new unsimulated separations; parent invalid retained,public_repo,yes
FS16,B6-dense-scan,EARLY_NONSTANDARD_VERDICT,retained scan summary across m=0.50..0.66,COMPUTATIONAL_REUSE+QUESTION_REFORMULATION,B6.4,crossing-only analysis without rerunning full PDE,RETROSPECTIVE_CROSSING_ESTIMATE,archived data become a new retrospective analysis,no fresh validation; retrospective only,archive_verified,yes
FS17,early-ellipse-radial-analysis,EARLY_NONSTANDARD_VERDICT,apparent radial exponent near 2.63,MEASUREMENT_REDESIGN,local-normal-offset-fit,replace radial distance by inward-normal coordinate,LOCAL_NU_2.024_PLUSMINUS_0.014,apparent contradiction diagnoses measurement geometry,reanalysis of same numerical object; not fresh validation,archive_verified,yes
FS18,B12.1c,EARLY_NONSTANDARD_LIMITATION,deterministic low-noise lock remained,MODEL_REDESIGN,B12.1d,add resonance ignition barrier and rerun refined scan,FINITE_NOISE_R_LOCK_WINDOW,limiting behavior motivates mechanism change,new refined scan,public_repo+archive,yes
FS19,B13/B13.1,EARLY_INTERPRETATION_CORRECTION,Born-like mismatch and rotated-basis response,INTERPRETATION_CORRECTION,B13.1-kernel+cloud,replace direct Born-like reading with logistic basin kernel plus cloud averaging,CLAIM_NARROWING_WITH_BETTER_INTERNAL_MODEL,old mismatch constrains interpretation,new follow-up calculations but not a formal frozen PASS/FAIL lineage,public_repo+archive,yes
FS20,B18.0,EARLY_TRANSFER_LIMIT,B17-style read-start local trace R2=0.163 in new inhibitory front,STATE_ENRICHMENT+READOUT_OPERATOR_REDESIGN,B18.1-B18.3,path integration then interface-core exposure,PATH_OPERATOR_R2_UP_TO_0.807,failed transfer motivates richer readout representation,new B18 stage calculations,public_repo+archive,yes
FS21,B9-Empirical-Phase-II,NEGATIVE_AND_UNRESOLVED_RESULTS,mixed barrier check + failed exponent tests + unresolved quartic coefficient,CLAIM_BOUNDARY_RETENTION,B9-Empirical-synthesis,retain structural claim while refusing quantitative nuclear calibration,STRUCTURAL_ONLY_CONCLUSION,negative results limit claim scope rather than generate a PASS,no rescue claim; unresolved results retained,public_repo,yes
FS22,B34-P0/P0R/P0S,NON_CLAIM_BEARING_READINESS_FAIL,source-tail ambiguity + readability/readiness failures,PRECLAIM_GATING+CALIBRATION_REDESIGN,B34-P0T/P0U->B34.1,change observable then pass resolution/sampling readiness before fresh claim stage,SPATIALLY_STRUCTURED_COMPLEX_TRANSFER_KERNEL_PASS,calibration failures define what must be repaired,new B34.1 source orientations and periods; no calibration stage counted as claim evidence,public_repo+archive,yes
FS23,B35-P0R,NON_CLAIM_BEARING_READINESS_FAIL,no off-source probe satisfied frozen closure rule,PRECLAIM_GATING+OBSERVABLE_REDESIGN,B35-P0S->B35.1,change from closure target to peak-time ordering then open fresh test,DISTANCE_ORDERED_APPROX_LINEAR_PEAK_TIMING_FAIL,failed readiness gate motivates new observable,fresh B35.1 test; later scientific FAIL demonstrates no tuning-to-PASS,public_repo+archive,yes
