chain_id,source_stage,source_verdict,retained_asset,salvage_type,later_stage,later_action,later_verdict,role_of_old_data,validation_separation
FS01,B25.1,AB_CONSTANT_DENSITY_FAIL,archived B25.1 profiles,MODEL_REDESIGN,B25.1b,coarea diagnosis motivated level-resolved predictor,AB_LEVEL_RESOLVED_BRIDGE_PASS,discovery and model construction,new held-out cases used for claim-bearing test
FS02,B27.2,RECONFIGURATION_COVARIANCE_FAIL,valid prospective target failures,CONSTRAINT_REUSE,B28.1,replaced identity covariance with geometry-only split transport,GEOMETRY_CONDITIONED_LINEAGE_TRANSPORT_FAIL,constrained next hypothesis,fresh B28 targets used
FS03,B28.1,GEOMETRY_CONDITIONED_LINEAGE_TRANSPORT_FAIL,transport defects across fresh targets,STATE_ENRICHMENT,B29,asked whether retained history/path adds information,T1_valid=False / no held-out verdict,hypothesis design only,no held-out claim issued
FS04,B32.1,DYNAMIC_COMPLEX_PARITY_MODE_FAIL,dynamic response pattern,EXPLANATORY_VARIABLE_CHANGE,B33,reframed suppression as frequency/period-dependent node lifting,FREQUENCY_DEPENDENT_TRANSVERSE_NODE_LIFTING_PASS,pattern used to redesign question,new prospective grids used
FS05,B35.1+B35.2,DISTANCE_ORDERED_APPROX_LINEAR_PEAK_TIMING_FAIL + HIGHER_RESOLUTION_SAMPLING_STABLE_APPROX_LINEAR_PEAK_TIMING_FAIL,failed timing-law behavior,DECOMPOSITION,B36.2,separated geometry and sampling contributions,ADDITIVE_GEOMETRY_SAMPLING_DECOMPOSITION_PASS,constrained replacement model,fresh 3x4 grid used
FS06,B37.1+B37.2,INTRINSIC_CONTOUR_REPARAMETERIZATION_FAIL + FIXED_ARC_SUPPORT_TIMING_COLLAPSE_FAIL,failed absolute-timing claims plus phase diagnostics,REPRESENTATIONAL_SALVAGE,B38.1,changed observable from absolute peak time to relative lag,RELATIVE_BOUNDARY_LAG_GEOMETRY_PASS,discovery data for observable selection,fresh prospective relative-lag test used
FS07,B39.3-P1,INTEGRATION_LEVEL_REPARAMETERIZATION_COVARIANCE_FAIL,P1 failures and diagnostic localization,PROTOCOL_REPAIR,B39.3-P2,response-independent clock-map calibration and new freeze,INTRINSIC_CLOCK_MAP_INTEGRATION_COVARIANCE_PASS,diagnosis/calibration only,fresh P2 trajectories used and P1 FAIL retained
FS08,B40.1,CLOCK_MAP_FAMILY_TRANSFER_FAIL,zero-lag coarse-grid failure case,LIMIT_LOCALIZATION,B40.1 successor,finer lag-grid localization,LAG_GRID_QUANTIZATION_LOCALIZATION_PASS,parent-failure localization,parent FAIL retained
FS09,B40.2,TARGET_EXCLUDED_RELATIONAL_RECONSTRUCTION_FAIL,phase/resolution/nontrivial-advantage failure pattern,LIMIT_LOCALIZATION,B40.2-P1B..P1F,orientation and transformation localization,ORIENTATION_REVERSING_COVARIANCE_TRANSFER_PASS + replication PASS,diagnosis of restricted surviving structure,parent FAIL retained and fresh angles used
