source_stage,source_status,source_result_at_utc,source_evidence,successor_stage,successor_frozen_at_utc,successor_evidence,latency_hours,timestamp_provenance,comparability_note
B25.1,AB_CONSTANT_DENSITY_FAIL,2026-09-24T23:09:27.289Z,B25_1_primary_summary.json,B25.1b,2026-09-24T23:29:07.528Z,B25_1b/FROZEN_config.json,0.327844,private_Drive_metadata,"Direct result summary to successor frozen config"
B25.2,IMPLEMENTATION_INVALID,2026-09-25T19:46:03.330Z,B25_2_primary_summary.json,B26,2026-09-25T21:49:32.616Z,B26/FROZEN_config.json,2.058135,private_Drive_metadata,"Direct result summary to successor frozen config"
B26,TOPOLOGY_SPAN_NOT_REALIZED,2026-09-25T23:54:37.092Z,B26_primary_summary.json,B26.1,2026-09-26T00:36:08.729Z,B26_1/FROZEN_config.json,0.692121,private_Drive_metadata,"Direct result summary to successor frozen config"
B27.2,RECONFIGURATION_COVARIANCE_FAIL,2026-09-28T15:47:11.499Z,B27_2_summary.json,B28 architecture,2026-09-28T21:04:24.000Z,GitHub commit: Freeze B28 component-resolved lineage-transport architecture,5.286806,mixed_Drive_GitHub,"Drive result timestamp to public successor-freeze commit"
B29-T1,T1_valid=False,2026-09-29T03:12:54.660Z,B29_T1_summary.json,B30 architecture,2026-09-29T05:10:05.658Z,BIG_B30_0_FROZEN_programme_architecture_v1_0.md,1.953055,private_Drive_metadata,"Training closeout to successor programme architecture freeze"
B32.1,DYNAMIC_COMPLEX_PARITY_MODE_FAIL,2026-09-29T09:50:50.649Z,B32_1_summary.json,B33.1,2026-09-29T10:03:08.503Z,B33_1_protocol_snapshot.json,0.204959,private_Drive_metadata,"Direct summary to successor protocol snapshot"
B35.1,DISTANCE_ORDERED_APPROX_LINEAR_PEAK_TIMING_FAIL,2026-09-29T14:42:29.692Z,B35_1_summary.json,B35.2,2026-09-29T15:23:16.943Z,B35_2_protocol_snapshot.json,0.679792,private_Drive_metadata,"Direct summary to successor protocol snapshot"
B35.2,HIGHER_RESOLUTION_SAMPLING_STABLE_APPROX_LINEAR_PEAK_TIMING_FAIL,2026-09-29T15:35:18.827Z,B35_2_summary.json,B36.1,2026-09-29T16:01:11.530Z,B36_1_protocol_snapshot.json,0.431306,private_Drive_metadata,"Direct summary to successor protocol snapshot"
B36.1,GEOMETRY_CONDITIONED_PEAK_TIMING_ORDERING_FAIL,2026-09-29T16:13:25.812Z,B36_1_summary.json,B36.2,2026-09-29T21:03:51.263Z,B36_2_protocol_snapshot.json,4.840403,private_Drive_metadata,"Direct summary to successor protocol snapshot"
B37.1,INTRINSIC_CONTOUR_REPARAMETERIZATION_FAIL,2026-10-01T14:02:57.689Z,B37_1_summary.json,B37.2,2026-10-01T15:42:12.540Z,B37_2_protocol_snapshot.json,1.654125,private_Drive_metadata,"Direct summary to successor protocol snapshot"
B37.2,FIXED_ARC_SUPPORT_TIMING_COLLAPSE_FAIL,2026-10-01T15:51:19.785Z,B37_2_summary.json,B38.1,2026-10-01T21:35:16.668Z,B38_1_protocol_snapshot.json,5.732468,private_Drive_metadata,"Direct summary to successor protocol snapshot"
B39.3-P1,INTEGRATION_LEVEL_REPARAMETERIZATION_COVARIANCE_FAIL,2026-10-03T01:22:10.850Z,B39_3_P1_summary.json,B39.3-P2,2026-10-03T02:10:39.209Z,PROTOCOL_FROZEN_BEFORE_ANY_B39_3_P2_FRESH_TRAJECTORY.json,0.807878,private_Drive_metadata,"Direct summary to explicit before-fresh-trajectory freeze sentinel"
B40.1,CLOCK_MAP_FAMILY_TRANSFER_FAIL,2026-10-04T11:49:31.964Z,B40_1_P1_summary.json final modified timestamp after runner correction,B40.1-P1B,2026-10-04T13:24:54.899Z,PROTOCOL_FROZEN_BEFORE_ANY_B40_1_P1B_FRESH_BRANCH_TRAJECTORY.json,1.589704,private_Drive_metadata,"Conservative source time uses final corrected summary modification, not initial file creation"
B40.2,TARGET_EXCLUDED_RELATIONAL_RECONSTRUCTION_FAIL,2026-10-04T14:35:24.403Z,B40_2_P1_summary.json,B40.2-P1B,2026-10-04T14:59:03.581Z,PROTOCOL_FROZEN_BEFORE_ANY_B40_2_P1B_FRESH_BASELINE_OR_BRANCH.json,0.394216,private_Drive_metadata,"Direct summary to explicit before-fresh-baseline-or-branch freeze sentinel"
