edge_id,chain_id,source_id,action_id,salvage_type,source_verdict,later_verdict,provenance_level,parent_verdict_retained
"E001","FS01","B25.1","B25.1b","MODEL_REDESIGN","AB_CONSTANT_DENSITY_FAIL","AB_LEVEL_RESOLVED_BRIDGE_PASS","public_repo","yes"
"E002","FS02","B27.2","B28.1","CONSTRAINT_REUSE","RECONFIGURATION_COVARIANCE_FAIL","GEOMETRY_CONDITIONED_LINEAGE_TRANSPORT_FAIL","public_repo","yes"
"E003","FS03","B28.1","B29","STATE_ENRICHMENT","GEOMETRY_CONDITIONED_LINEAGE_TRANSPORT_FAIL","T1_valid=False / no held-out verdict","public_repo","yes"
"E004","FS04","B32.1","B33","EXPLANATORY_VARIABLE_CHANGE","DYNAMIC_COMPLEX_PARITY_MODE_FAIL","FREQUENCY_DEPENDENT_TRANSVERSE_NODE_LIFTING_PASS","public_repo","yes"
"E005","FS05","B35.1","B36.2","DECOMPOSITION","DISTANCE_ORDERED_APPROX_LINEAR_PEAK_TIMING_FAIL + HIGHER_RESOLUTION_SAMPLING_STABLE_APPROX_LINEAR_PEAK_TIMING_FAIL","ADDITIVE_GEOMETRY_SAMPLING_DECOMPOSITION_PASS","public_repo","yes"
"E006","FS05","B35.2","B36.2","DECOMPOSITION","DISTANCE_ORDERED_APPROX_LINEAR_PEAK_TIMING_FAIL + HIGHER_RESOLUTION_SAMPLING_STABLE_APPROX_LINEAR_PEAK_TIMING_FAIL","ADDITIVE_GEOMETRY_SAMPLING_DECOMPOSITION_PASS","public_repo","yes"
"E007","FS06","B37.1","B38.1","REPRESENTATIONAL_SALVAGE","INTRINSIC_CONTOUR_REPARAMETERIZATION_FAIL + FIXED_ARC_SUPPORT_TIMING_COLLAPSE_FAIL","RELATIVE_BOUNDARY_LAG_GEOMETRY_PASS","public_repo","yes"
"E008","FS06","B37.2","B38.1","REPRESENTATIONAL_SALVAGE","INTRINSIC_CONTOUR_REPARAMETERIZATION_FAIL + FIXED_ARC_SUPPORT_TIMING_COLLAPSE_FAIL","RELATIVE_BOUNDARY_LAG_GEOMETRY_PASS","public_repo","yes"
"E009","FS07","B39.3-P1","B39.3-P2","PROTOCOL_REPAIR","INTEGRATION_LEVEL_REPARAMETERIZATION_COVARIANCE_FAIL","INTRINSIC_CLOCK_MAP_INTEGRATION_COVARIANCE_PASS","public_repo","yes"
"E010","FS08","B40.1","B40.1 successor","LIMIT_LOCALIZATION","CLOCK_MAP_FAMILY_TRANSFER_FAIL","LAG_GRID_QUANTIZATION_LOCALIZATION_PASS","public_repo","yes"
"E011","FS09","B40.2","B40.2-P1B..P1F","LIMIT_LOCALIZATION","TARGET_EXCLUDED_RELATIONAL_RECONSTRUCTION_FAIL","ORIENTATION_REVERSING_COVARIANCE_TRANSFER_PASS + replication PASS","public_repo","yes"
"E012","FS10","B19E-A1","B19E-B","MECHANISM_DIAGNOSIS","NULL_OR_INCONCLUSIVE","BUDGET_CLOSURE_PASS","public_repo","yes"
"E013","FS11","B23-original","B23-E2R/E3R2","PROTOCOL_REPAIR","INCONCLUSIVE","SUPPLEMENTARY/CORRECTIVE SUPPORT","public_repo","yes"
"E014","FS12","B23-E3R","B23-E3R2","PROTOCOL_REPAIR","IMPLEMENTATION_INVALID","CORRECTIVE_REPLICATION_PASS","public_repo","yes"
"E015","FS13","B23A-P1","B23A-P2B/P3","CONSTRAINT_REUSE","NOT_SUPPORTED_AT_NEW_B9_RECONFIGURATION_FAMILY","SUPPORTED_AT_NARROWER_STRUCTURAL_LEVEL","public_repo","yes"
"E016","FS14","B23A-P4","B23A-P6","OBSERVABLE_REDESIGN","INCONCLUSIVE_NUMERICAL_SENSITIVITY","NOT_SUPPORTED_RATE_ORDERED_LOCAL_RESPONSE_RECONFIGURATION","public_repo","yes"
"E017","FS14","B23A-P5","B23A-P6","OBSERVABLE_REDESIGN","INCONCLUSIVE_NUMERICAL_SENSITIVITY","NOT_SUPPORTED_RATE_ORDERED_LOCAL_RESPONSE_RECONFIGURATION","public_repo","yes"
"E018","FS15","B25.2","B26/B26.1/B26.2","PROTOCOL_REPAIR","IMPLEMENTATION_INVALID","AB_TOPOLOGY_STRADDLING_FIXED_COEFFICIENT_TRANSFER_FAIL","public_repo","yes"
"E019","FS16","B6-dense-scan","B6.4","COMPUTATIONAL_REUSE+QUESTION_REFORMULATION","EARLY_NONSTANDARD_VERDICT","RETROSPECTIVE_CROSSING_ESTIMATE","archive_verified","yes"
"E020","FS17","early-ellipse-radial-analysis","local-normal-offset-fit","MEASUREMENT_REDESIGN","EARLY_NONSTANDARD_VERDICT","LOCAL_NU_2.024_PLUSMINUS_0.014","archive_verified","yes"
"E021","FS18","B12.1c","B12.1d","MODEL_REDESIGN","EARLY_NONSTANDARD_LIMITATION","FINITE_NOISE_R_LOCK_WINDOW","public_repo+archive","yes"
"E022","FS19","B13","B13.1-kernel+cloud","INTERPRETATION_CORRECTION","EARLY_INTERPRETATION_CORRECTION","CLAIM_NARROWING_WITH_BETTER_INTERNAL_MODEL","public_repo+archive","yes"
"E023","FS19","B13.1","B13.1-kernel+cloud","INTERPRETATION_CORRECTION","EARLY_INTERPRETATION_CORRECTION","CLAIM_NARROWING_WITH_BETTER_INTERNAL_MODEL","public_repo+archive","yes"
"E024","FS20","B18.0","B18.1-B18.3","STATE_ENRICHMENT+READOUT_OPERATOR_REDESIGN","EARLY_TRANSFER_LIMIT","PATH_OPERATOR_R2_UP_TO_0.807","public_repo+archive","yes"
"E025","FS21","B9-Empirical-Phase-II","B9-Empirical-synthesis","CLAIM_BOUNDARY_RETENTION","NEGATIVE_AND_UNRESOLVED_RESULTS","STRUCTURAL_ONLY_CONCLUSION","public_repo","yes"
"E026","FS22","B34-P0","B34-P0T/P0U->B34.1","PRECLAIM_GATING+CALIBRATION_REDESIGN","NON_CLAIM_BEARING_READINESS_FAIL","SPATIALLY_STRUCTURED_COMPLEX_TRANSFER_KERNEL_PASS","public_repo+archive","yes"
"E027","FS22","B34-P0R","B34-P0T/P0U->B34.1","PRECLAIM_GATING+CALIBRATION_REDESIGN","NON_CLAIM_BEARING_READINESS_FAIL","SPATIALLY_STRUCTURED_COMPLEX_TRANSFER_KERNEL_PASS","public_repo+archive","yes"
"E028","FS22","B34-P0S","B34-P0T/P0U->B34.1","PRECLAIM_GATING+CALIBRATION_REDESIGN","NON_CLAIM_BEARING_READINESS_FAIL","SPATIALLY_STRUCTURED_COMPLEX_TRANSFER_KERNEL_PASS","public_repo+archive","yes"
"E029","FS23","B35-P0R","B35-P0S->B35.1","PRECLAIM_GATING+OBSERVABLE_REDESIGN","NON_CLAIM_BEARING_READINESS_FAIL","DISTANCE_ORDERED_APPROX_LINEAR_PEAK_TIMING_FAIL","public_repo+archive","yes"
