stage,formal_status,claim_bearing,inherited_from,backward_use_type,fresh_or_heldout_evaluation,parent_verdict_retained,source_url,notes
B19,NO_ROBUST_RAY_INDEPENDENT_UPSTREAM_SCALAR_COLLAPSE,yes,B3-B18,NEGATIVE_STRUCTURAL_RESULT,yes,yes,https://github.com/Jun-Lucis/BIG-theory/blob/main/docs/research_status_map_B3_B26.md,"Direction-dependent channel families retained instead of one scalar threshold"
B19E-A1,NULL_OR_INCONCLUSIVE,yes,B19,EXTERNAL_TRANSFER_TEST,yes,yes,https://github.com/Jun-Lucis/BIG-theory/tree/main/papers/B19E_external_flow_validation,"Frozen B19 additions tested on untouched TIDE holdout; no incremental predictive information established"
B19E-B,BUDGET_CLOSURE_PASS,yes,B19E-A1,MECHANISM_DIAGNOSIS,yes,yes,https://github.com/Jun-Lucis/BIG-theory/tree/main/papers/B19E_external_flow_validation,"Fresh seeds 6-7; exact local budget closes but explicitly does not rescue A1; omitted advective transport dominates simple proxy limitation"
B20.6,INCONCLUSIVE,yes,B20.5,FINITE_DISTANCE_TEST,yes,yes,https://github.com/Jun-Lucis/BIG-theory/tree/main/papers/B20_response_boundaries,"Only one informative frozen-domain crossing; no post-hoc success tolerance"
B23-original,INCONCLUSIVE,yes,B20-B22,CROSS_BRANCH_TRANSFER,yes,yes,https://github.com/Jun-Lucis/BIG-theory/tree/main/papers/B23_cross_branch_geometric_prediction,"Original symmetric search-window aggregate remains inconclusive"
B23-E3R,IMPLEMENTATION_INVALID,yes,B23-original,PROTOCOL_REPAIR,no,yes,https://github.com/Jun-Lucis/BIG-theory/tree/main/papers/B23_cross_branch_geometric_prediction,"Wrong ray dispatched; historical invalid record preserved"
B23-E3R2,CORRECTIVE_REPLICATION_PASS,yes,B23-E3R,PROTOCOL_REPAIR,yes,yes,https://github.com/Jun-Lucis/BIG-theory/tree/main/papers/B23_cross_branch_geometric_prediction,"Corrective replication; not counted as retroactive original-plan success"
B23A-P1,NOT_SUPPORTED_AT_NEW_B9_RECONFIGURATION_FAMILY,yes,B20-B23,UNIVERSALITY_TRANSFER_TEST,yes,yes,https://github.com/Jun-Lucis/BIG-theory/tree/main/papers/B23A_structural_universality_limits,"Smooth local-normal transfer not supported in new family"
B23A-P2B,SUPPORTED_AT_THIRD_RECONFIGURATION_FAMILY,yes,B23A-P1,LIMIT_LOCALIZATION,yes,yes,https://github.com/Jun-Lucis/BIG-theory/tree/main/papers/B23A_structural_universality_limits,"Branch-level orientation retained while smooth-normal universality remains rejected"
B23A-P3,SUPPORTED_PIECEWISE_GEOMETRY_RESET_AT_FREE_BOUNDARY_PDE,yes,B23A-P2B,PIECEWISE_REPRESENTATION,yes,yes,https://github.com/Jun-Lucis/BIG-theory/tree/main/papers/B23A_structural_universality_limits,"Topology-sensitive piecewise/reset representation"
B23A-P4,INCONCLUSIVE_NUMERICAL_SENSITIVITY,yes,B23A-P3,NARROWED_NONTOPOLOGICAL_TEST,yes,yes,https://github.com/Jun-Lucis/BIG-theory/tree/main/papers/B23A_structural_universality_limits,"Outer-boundary reset became resolution-sensitive"
B23A-P5,INCONCLUSIVE_NUMERICAL_SENSITIVITY,yes,B23A-P4,OBSERVABLE_REDESIGN,yes,yes,https://github.com/Jun-Lucis/BIG-theory/tree/main/papers/B23A_structural_universality_limits,"Finite-window susceptibility replaces pointwise gradient; locality contrast still inconclusive"
B23A-P6,NOT_SUPPORTED_RATE_ORDERED_LOCAL_RESPONSE_RECONFIGURATION,yes,B23A-P5,POSTHOC_TO_PROSPECTIVE_TEST,yes,yes,https://github.com/Jun-Lucis/BIG-theory/tree/main/papers/B23A_structural_universality_limits,"Nine new speeds at N=256 and N=320; terminal no-rescue stop"
B24.2,MULTIPLE_BOUNDARY_CLASSES_INDICATED,yes,B3-B23 programme,CROSS_SECTOR_AUDIT,yes,yes,https://github.com/Jun-Lucis/BIG-theory/blob/main/docs/research_status_update_B24_B25.md,"No substantive common native operator established"
B25.1,AB_CONSTANT_DENSITY_FAIL,yes,B24.2,QUESTION_REFORMULATION,yes,yes,https://github.com/Jun-Lucis/BIG-theory/tree/main/papers/B24_B25_predictive_boundary_functional_transfer,"B25 changes question from shared operator to typed transfer"
B25.1R,diagnostic_only,no,B25.1,MODEL_REDESIGN,no,yes,https://github.com/Jun-Lucis/BIG-theory/tree/main/papers/B24_B25_predictive_boundary_functional_transfer,"Archived profiles re-read with coarea decomposition"
B25.1b,AB_LEVEL_RESOLVED_BRIDGE_PASS,yes,B25.1R,MODEL_REDESIGN,yes,yes,https://github.com/Jun-Lucis/BIG-theory/tree/main/papers/B24_B25_predictive_boundary_functional_transfer,"Nine new shape/resolution combinations"
B25.1c,AB_PARALLEL_CURVE_REDUCTION_PASS,yes,B25.1b,MODEL_REDUCTION,yes,yes,https://github.com/Jun-Lucis/BIG-theory/blob/main/docs/research_status_update_B25_phaseII.md,"Prospective reduction of level-resolved relation"
B25.1d,AB_NESTED_BAND_SINGLE_PERIMETER_PASS,yes,B25.1c,MODEL_REDUCTION,yes,yes,https://github.com/Jun-Lucis/BIG-theory/blob/main/docs/research_status_update_B25_phaseII.md,"Further frozen reduction"
B25.1e,AB_FIXED_COEFFICIENT_PERIMETER_PASS,yes,B25.1d,MODEL_REDUCTION,yes,yes,https://github.com/Jun-Lucis/BIG-theory/blob/main/docs/research_status_update_B25_phaseII.md,"One calibration state then six held-out ellipse cases"
B25.2,IMPLEMENTATION_INVALID,yes,B25.1e,TRANSFER_TEST,yes,yes,https://github.com/Jun-Lucis/BIG-theory/blob/main/docs/research_status_update_B25_phaseII.md,"Topology span not realized and some coarse cases fail band-resolution gate"
B26,TOPOLOGY_SPAN_NOT_REALIZED,yes,B25.2,PROTOCOL_REPAIR,yes,yes,https://github.com/Jun-Lucis/BIG-theory/blob/main/docs/research_status_update_B26.md,"Numerically valid but intended topology span still not realized"
B26.1,TOPOLOGY_BRACKET_REFINED,yes,B26,DOMAIN_LOCALIZATION,yes,yes,https://github.com/Jun-Lucis/BIG-theory/blob/main/docs/research_status_update_B26.md,"Topology-only adaptive refinement"
B26.2,AB_TOPOLOGY_STRADDLING_FIXED_COEFFICIENT_TRANSFER_FAIL,yes,B26.1,PROTOCOL_REPAIR,yes,yes,https://github.com/Jun-Lucis/BIG-theory/blob/main/docs/research_status_update_B26.md,"New unsimulated separations validly realize topology gate"
B27.1,HISTORY_RESPONSE_GEOMETRY_PASS,yes,B16-B18,HISTORY_TRANSFER,yes,yes,https://github.com/Jun-Lucis/BIG-theory/blob/main/docs/research_status_update_B27_B36.md,"Readable retained history changes local response geometry"
B27.2,RECONFIGURATION_COVARIANCE_FAIL,yes,B27.1,TRANSFER_TEST,yes,yes,https://github.com/Jun-Lucis/BIG-theory/blob/main/docs/research_status_update_B27_B36.md,"Identity covariance fails after connected-to-disconnected reconfiguration"
B28.1,GEOMETRY_CONDITIONED_LINEAGE_TRANSPORT_FAIL,yes,B27.2,MODEL_REDESIGN,yes,yes,https://github.com/Jun-Lucis/BIG-theory/blob/main/docs/research_status_update_B27_B36.md,"Failed identity map replaced with geometry-only split transport"
B29-T1,T1_valid=False,no,B28.1,STATE_ENRICHMENT,no,yes,https://github.com/Jun-Lucis/BIG-theory/blob/main/docs/research_status_update_B27_B36.md,"Training readability domain insufficient; no held-out predictive verdict"
B30.1,TRANSVERSE_HISTORY_RESPONSE_SUPPRESSION_PASS,yes,B29-T1,SUCCESSOR_AFTER_READABILITY_FAILURE,yes,yes,https://github.com/Jun-Lucis/BIG-theory/blob/main/docs/research_status_update_B27_B36.md,"Integrated B30-B36 source explicitly states B30 architecture was frozen as successor to B29-T1 training-domain readability failure"
B31.1,REFLECTION_PARITY_MODE_PASS,yes,B30.1,STRUCTURE_REFINEMENT,yes,yes,https://github.com/Jun-Lucis/BIG-theory/blob/main/docs/research_status_update_B27_B36.md,"Parity structure"
B32.1,DYNAMIC_COMPLEX_PARITY_MODE_FAIL,yes,B31.1,DYNAMIC_EXTENSION,yes,yes,https://github.com/Jun-Lucis/BIG-theory/blob/main/docs/research_status_update_B27_B36.md,"Dynamic extension fails"
B33-primary,FREQUENCY_DEPENDENT_TRANSVERSE_NODE_LIFTING_PASS,yes,B32.1,EXPLANATORY_VARIABLE_CHANGE,yes,yes,https://github.com/Jun-Lucis/BIG-theory/blob/main/docs/research_status_update_B27_B36.md,"Failure pattern reframed as node lifting"
B33-second-grid,PERIOD_DEPENDENT_TRANSVERSE_NODE_LIFTING_PASS,yes,B33-primary,REPLICATION,yes,yes,https://github.com/Jun-Lucis/BIG-theory/blob/main/docs/research_status_update_B27_B36.md,"Second grid replication"
B34.1,SPATIALLY_STRUCTURED_COMPLEX_TRANSFER_KERNEL_PASS,yes,B33,MODEL_ENRICHMENT,yes,yes,https://github.com/Jun-Lucis/BIG-theory/blob/main/docs/research_status_update_B27_B36.md,"Structured complex transfer kernel"
B35.1,DISTANCE_ORDERED_APPROX_LINEAR_PEAK_TIMING_FAIL,yes,B34.1,TIMING_HYPOTHESIS,yes,yes,https://github.com/Jun-Lucis/BIG-theory/blob/main/docs/research_status_update_B27_B36.md,"Common approximate linear peak-timing law fails"
B35.2,HIGHER_RESOLUTION_SAMPLING_STABLE_APPROX_LINEAR_PEAK_TIMING_FAIL,yes,B35.1,ROBUSTNESS_RETEST,yes,yes,https://github.com/Jun-Lucis/BIG-theory/blob/main/docs/research_status_update_B27_B36.md,"Higher-resolution retest retains failure"
B36.1,GEOMETRY_CONDITIONED_PEAK_TIMING_ORDERING_FAIL,yes,B35.2,NARROWED_HYPOTHESIS,yes,yes,https://github.com/Jun-Lucis/BIG-theory/blob/main/docs/research_status_update_B27_B36.md,"Narrower geometry ordering also fails"
B36.2,ADDITIVE_GEOMETRY_SAMPLING_DECOMPOSITION_PASS,yes,B36.1,DECOMPOSITION,yes,yes,https://github.com/Jun-Lucis/BIG-theory/blob/main/docs/research_status_update_B27_B36.md,"Fresh 3-by-4 geometry/readout grid"
B37.1,INTRINSIC_CONTOUR_REPARAMETERIZATION_FAIL,yes,B36.2,REPRESENTATION_TEST,yes,yes,https://github.com/Jun-Lucis/BIG-theory/blob/main/docs/research_status_update_B37_B38.md,"Attempts intrinsic contour representation of timing"
B37.2,FIXED_ARC_SUPPORT_TIMING_COLLAPSE_FAIL,yes,B37.1,NARROWED_REPRESENTATION_TEST,yes,yes,https://github.com/Jun-Lucis/BIG-theory/blob/main/docs/research_status_update_B37_B38.md,"Failure localized to absolute peak-time cross-resolution threshold"
B38.1,RELATIVE_BOUNDARY_LAG_GEOMETRY_PASS,yes,B37.1+B37.2,REPRESENTATIONAL_SALVAGE,yes,yes,https://github.com/Jun-Lucis/BIG-theory/blob/main/docs/research_status_update_B37_B38.md,"Change observable from absolute peak timing to relative lag"
B38.2-P1,DIRECTED_SOURCE_RECEIVER_SWAP_ASYMMETRY_PASS,yes,B38.1,RELATIONAL_EXTENSION,yes,yes,https://github.com/Jun-Lucis/BIG-theory/blob/main/docs/research_status_update_B37_B38.md,"Directed relation test"
B38.3-P1,D_WEIGHTED_NEAR_SYMMETRY_WITH_DIAGONAL_CYCLE_OBSTRUCTION_PASS,yes,B38.2-P1,OPERATOR_DIAGNOSIS,yes,yes,https://github.com/Jun-Lucis/BIG-theory/blob/main/docs/research_status_update_B37_B38.md,"Operator metric structure"
B38.3-P2-P1,COMPATIBLE_GAMMA_RESIDUAL_CYCLE_WITH_DISCRETIZATION_DOMINANCE_PASS,yes,B38.3-P1,CONTROL_DECOMPOSITION,yes,yes,https://github.com/Jun-Lucis/BIG-theory/blob/main/docs/research_status_update_B37_B38.md,"Compatible control separates discretization and gamma residual"
B38.4-P1,TIME_DEPENDENT_TANGENT_RESPONSE_BRIDGE_PASS,yes,B38.3,PROSPECTIVE_OPERATOR_BRIDGE,yes,yes,https://github.com/Jun-Lucis/BIG-theory/blob/main/docs/research_status_update_B37_B38.md,"Predictions frozen before fresh nonlinear trajectories"
B38.5-P1,D_COMPATIBLE_GAMMA0_REPHASING_RETENTION_PASS,yes,B38.4-P1,MECHANISM_INTERVENTION,yes,yes,https://github.com/Jun-Lucis/BIG-theory/blob/main/docs/research_status_update_B37_B38.md,"Gamma not dominant timing contribution"
B38.6-P1,D_WEIGHTED_DUAL_READOUT_SUPPRESSION_PASS,yes,B38.5-P1,READOUT_INTERVENTION,yes,yes,https://github.com/Jun-Lucis/BIG-theory/blob/main/docs/research_status_update_B37_B38.md,"Operator-compatible readout suppresses large rephasing"
B39.1-P1,RELATIONAL_CLOCK_WEIGHTED_RESIDUAL_PERSISTENCE_PASS,yes,B38.6-P1,RELATIONAL_CLOCK_EXTENSION,yes,yes,https://github.com/Jun-Lucis/BIG-theory/blob/main/docs/research_status_update_B39.md,"Target-excluded relational path coordinate"
B39.2-P1,INFORMATION_METRIC_DRIFT_DIRECTED_ORDER_PASS,yes,B39.1,STATE_DESCRIPTOR_EXTENSION,yes,yes,https://github.com/Jun-Lucis/BIG-theory/blob/main/docs/research_status_update_B39.md,"Directed metric drift"
B39.3-P1,INTEGRATION_LEVEL_REPARAMETERIZATION_COVARIANCE_FAIL,yes,B39.2,INTEGRATION_LEVEL_TEST,yes,yes,https://github.com/Jun-Lucis/BIG-theory/blob/main/docs/research_status_update_B39.md,"Valid calculation fails frozen components"
B39.3-P1A/P1B,diagnostic_and_calibration,no,B39.3-P1,PROTOCOL_REPAIR,no,yes,https://github.com/Jun-Lucis/BIG-theory/blob/main/docs/research_status_update_B39.md,"Localizes gate failures and calibrates response-independent clock map"
B39.3-P2,INTRINSIC_CLOCK_MAP_INTEGRATION_COVARIANCE_PASS,yes,B39.3-P1A/P1B,PROTOCOL_REPAIR,yes,yes,https://github.com/Jun-Lucis/BIG-theory/blob/main/docs/research_status_update_B39.md,"Fresh P2 protocol frozen before trajectories"
B40.1,CLOCK_MAP_FAMILY_TRANSFER_FAIL,yes,B39.3-P2,TRANSFER_TEST,yes,yes,https://github.com/Jun-Lucis/BIG-theory/blob/main/docs/research_status_update_B40.md,"New parabolic/sinusoidal clock-map families"
B40.1-successor,LAG_GRID_QUANTIZATION_LOCALIZATION_PASS,yes,B40.1,LIMIT_LOCALIZATION,yes,yes,https://github.com/Jun-Lucis/BIG-theory/blob/main/docs/research_status_update_B40.md,"Finer lag grid localizes narrow parent failure"
B40.2,TARGET_EXCLUDED_RELATIONAL_RECONSTRUCTION_FAIL,yes,B40.1,REPRESENTATION_TRANSFER,yes,yes,https://github.com/Jun-Lucis/BIG-theory/blob/main/docs/research_status_update_B40.md,"Target-excluded offline progress coordinate"
B40.2-P1B,PHASE_RESOLUTION_LOCALIZATION_PASS,yes,B40.2,LIMIT_LOCALIZATION,yes,yes,https://github.com/Jun-Lucis/BIG-theory/blob/main/docs/research_status_update_B40.md,"Phase/resolution localization"
B40.2-P1C,AXIS_SWAP_ORIENTATION_LOCALIZATION_PASS,yes,B40.2-P1B,TRANSFORMATION_SEARCH,yes,yes,https://github.com/Jun-Lucis/BIG-theory/blob/main/docs/research_status_update_B40.md,"Source-relative orientation swap"
B40.2-P1D,NEGATIVE_PHASE_AXIS_SWAP_REPLICATION_PASS,yes,B40.2-P1C,REPLICATION,yes,yes,https://github.com/Jun-Lucis/BIG-theory/blob/main/docs/research_status_update_B40.md,"Negative-phase replication"
B40.2-P1E,ORIENTATION_REVERSING_COVARIANCE_TRANSFER_PASS,yes,B40.2-P1D,TRANSFER_TEST,yes,yes,https://github.com/Jun-Lucis/BIG-theory/blob/main/docs/research_status_update_B40.md,"Fresh 23/67 degree pair"
B40.2-P1F,THIRD_ANGLE_ORIENTATION_REVERSING_COVARIANCE_REPLICATION_PASS,yes,B40.2-P1E,REPLICATION,yes,yes,https://github.com/Jun-Lucis/BIG-theory/blob/main/docs/research_status_update_B40.md,"Fresh 17/73 degree replication"
